<?xml version="1.0" encoding="UTF-8"?>

<!--
    This file defines the menu items when right-clicking over parameters in
    Houdini.

    Files named the same (ie. PARMmenu.xml) can exist in $HOME/houdiniX.Y/
    directory and will supplement the original definitions found in
    $HFS/houdini/ (aka $HH).

    The format in this file is similar to the format in $HH/MainMenuMaster
    except that it uses the <menuDocument> and <menu> tags instead of 
    <mainMenu> and <menuBar>. See the comments in that file for more advanced
    customization abilities.
    
    Another difference here is that most menu items in this file have no labels
    because they are dynamically created by Houdini. If labels are supplied to
    the items which currently have no labels in this file, they will be
    ignored.

    Note that the id's correspond to their hotkeys with the h.pane.parms.
    prefix (where available). For example, the item with id,
    "revert_to_prev_val", refers to the action in the hotkeys manager as
    "h.pane.parms.revert_to_prev_val".

    Also note that you can specify which context a particular menu item shows
    up in. To do this, add a context expression property.  For example, to make
    the menu item appear only for translate parameters you can do:
	<context>
	    <expression>kwargs["parms"][0].name() in ("tx", "ty", "tz")</expression>
	</context>

    For context expressions and menu scripts, a 'kwargs' python dictionary is
    provided with the following values:
	'parms'	    :	A list of hou.Parm objects which the script was invoked
			upon.  The list contains only unlocked parameters.
	'locked_parms':	A list of locked hou.Parm objects which the script was
			invoked upon.
	'toolname'  :	The menu item's hotkey id (ie. the element's id
			prefixed with h.pane.parms.)
	'altclick'  :	True if the Alt key was also pressed, False otherwise
	'ctrlclick'  :	True if the Ctrl key was also pressed, False otherwise
	'shiftclick'  :	True if the Shift key was also pressed, False otherwise
	'cmdclick'  :	True if the Option key was also pressed, False
			otherwise. Note that this can only be true on OSX.
-->

<menuDocument>
    <!-- menuDocument can only contain 1 menu element, whose id is 
         implicitly "root_menu"
      -->
    <menu>
      
      
      <!-- External Editor -->
      
      <addScriptItem id="external_editor">
			  <label>External Expression Editor</label>
        <parent>expression_menu</parent>
        <insertAfter>edit_expression</insertAfter>
			  <context>
				  <expression>
  <![CDATA[
try:
  from HoudiniExprEditor import ParmWatcher
  return ParmWatcher.is_valid_parm(kwargs["parms"][0])
except:
  return False]]></expression>
			  </context>
			  <scriptCode>
          <![CDATA[
from HoudiniExprEditor import ParmWatcher
reload(ParmWatcher)
ParmWatcher.add_watcher(kwargs["parms"][0])]]>
			  </scriptCode>
		  </addScriptItem>

      <!-- Set external editor -->
      
      <addScriptItem id="set_external_editor">
        <label>Set External Editor</label>
        <parent>expression_menu</parent>
        <insertAfter>external_editor</insertAfter>
        <context>
          <expression>
            <![CDATA[
try:
  from HoudiniExprEditor import ParmWatcher
  return ParmWatcher.is_valid_parm(kwargs["parms"][0])
except:
  return False]]>
          </expression>
        </context>
        <scriptCode>
          <![CDATA[
from HoudiniExprEditor import ParmWatcher
reload(ParmWatcher)
ParmWatcher.set_external_editor()]]>
        </scriptCode>
      </addScriptItem>

      <!-- Remove watcher -->

      <addScriptItem id="remove_file_watcher">
        <label>Remove File Watcher</label>
        <parent>expression_menu</parent>
        <insertAfter>set_external_editor</insertAfter>
        <context>
          <expression>
            <![CDATA[
try:
  from HoudiniExprEditor import ParmWatcher
  return ParmWatcher.parm_has_watcher(kwargs["parms"][0])
except:
  return False]]>
          </expression>
        </context>
        <scriptCode>
          <![CDATA[
from HoudiniExprEditor import ParmWatcher
reload(ParmWatcher)
ParmWatcher.remove_file_watched(kwargs["parms"][0])]]>
        </scriptCode>
      </addScriptItem>

    </menu>
</menuDocument>
